l_spanish:
 colonial_polynesia: "Polynesia"
 colonial_alaska: "Alaska"
 colonial_canada: "Canada"
 colonial_california: "California"
 colonial_louisiana: "Louisiana"
 colonial_ohio: "Ohio"
 colonial_newengland: "New England"
 colonial_carolinas: "The Carolinas"
 colonial_chesapeake: "The Chesapeake"
 colonial_florida: "Florida"
 colonial_mexico: "Mexico"
 colonial_caribbean: "The Caribbean"
 colonial_guatemala: "Guatemala"
 colonial_colombia: "Colombia"
 colonial_guyana: "Guyana"
 colonial_brazil: "Brazil"
 colonial_peru: "Peru"
 colonial_riodelaplata: "Río de la Plata"
 colonial_chile: "Chile"
 colonial_paraguay: "Paraguay"
 colonial_uruguay: "Uruguay"
 colonial_southafrica: "South Africa"
 colonial_indianocean: "Indian Ocean"
 colonial_eastafrica: "East Africa"
 colonial_kongo: "Kongo"
 colonial_westafrica: "West Africa"
 colonial_sahara: "Sahara"
 colonial_sudan: "Sudan"
 colonial_ethiopia: "Ethiopia"
 colonial_somalia: "Somalia"
 colonial_morocco: "Morocco"
 colonial_northafrica: "North Africa"
 colonial_egypt: "Egypt"
 colonial_arabia: "Arabia"
 colonial_levant: "The Levant"
 colonial_mesopotamia: "Mesopotamia"
 colonial_anatolia: "Anatolia"
 colonial_greece: "Greece"
 colonial_italy: "Italy"
 colonial_britishisles: "The British Isles"
 colonial_scandinavia: "Scandinavia"
 colonial_portugal: "Portugal"
 colonial_spain: "Spain"
 colonial_catalonia: "Catalunya"
 colonial_occitania: "Occitania"
 colonial_france: "France"
 colonial_lowcountries: "The Low Countries"
 colonial_lowergermany: "Lower Germany"
 colonial_uppergermany: "Upper Germany"
 colonial_balkans: "The Balkans"
 colonial_carpathia: "Carpathia"
 colonial_polandbohemia: "Poland-Bohemia"
 colonial_baltic: "The Baltic"
 colonial_ruthenia: "Ruthenia"
 colonial_russia: "Russia"
 colonial_steppe: "The Steppe"
 colonial_caucasia: "Caucasia"
 colonial_persia: "Persia"
 colonial_centralasia: "Central Asia"
 colonial_siberia: "Siberia"
 colonial_afhganistan: "Afghanistan"
 colonial_pakistan: "Baluchistan and Sindh"
 colonial_punjab: "Punjab"
 colonial_westindia: "West India"
 colonial_southindia: "South India"
 colonial_centralindia: "Central India"
 colonial_northindia: "North India"
 colonial_eastindia: "East India"
 colonial_tibet: "Tibet"
 colonial_uighurstan: "Uighurstan"
 colonial_mongolia: "Mongolia"
 colonial_fareast: "The Far East"
 colonial_japan: "Japan"
 colonial_korea: "Korea"
 colonial_manchuria: "Manchuria"
 colonial_innermongolia: "Inner Mongolia"
 colonial_northwestchina: "Northwest China"
 colonial_centralchina: "Central China"
 colonial_eastchina: "East China"
 colonial_northchina: "North China"
 colonial_burma: "Burma"
 colonial_indochina: "Indochina"
 colonial_philippines: "The Philippines"
 colonial_eastindies: "The East Indies"
 colonial_australia: "Australia"
 colonial_micronesia: "Micronesia"
 colonial_southchina: "South China"
 colonial_melanesia: "Melanesia"
 colonial_maritimes
